{"cameraMode":{"drawMode":0,"name":"Shaded","section":"Shading Mode"},"sceneLighting":true,"audioPlay":false,"sceneViewState":{"m_AlwaysRefresh":false,"showFog":true,"showSkybox":true,"showFlares":true,"showImageEffects":true,"showParticleSystems":true,"showVisualEffectGraphs":true,"m_FxEnabled":true},"in2DMode":false,"pivot":{"x":-0.20963501930236817,"y":3.4207704067230226,"z":-0.5034711360931397},"rotation":{"x":0.0069157653488218788,"y":0.9326255321502686,"z":0.017899638041853906,"w":-0.3603358566761017},"size":4.0856451988220219,"orthographic":false}