{"cameraMode":{"drawMode":0,"name":"Shaded","section":"Shading Mode"},"sceneLighting":true,"audioPlay":false,"sceneViewState":{"m_AlwaysRefresh":false,"showFog":true,"showSkybox":true,"showFlares":true,"showImageEffects":true,"showParticleSystems":true,"showVisualEffectGraphs":true,"m_FxEnabled":true},"in2DMode":false,"pivot":{"x":3.6743545532226564,"y":-2.818803310394287,"z":0.4373493194580078},"rotation":{"x":0.4729735851287842,"y":-0.09611799567937851,"z":0.05199863389134407,"w":0.8742785453796387},"size":34.81422424316406,"orthographic":false}