{"cameraMode":{"drawMode":0,"name":"Shaded","section":"Shading Mode"},"sceneLighting":true,"audioPlay":false,"sceneViewState":{"m_AlwaysRefresh":false,"showFog":true,"showSkybox":true,"showFlares":true,"showImageEffects":true,"showParticleSystems":true,"showVisualEffectGraphs":true,"m_FxEnabled":true},"in2DMode":false,"pivot":{"x":0.250565767288208,"y":2.1084060668945314,"z":1.0833508968353272},"rotation":{"x":0.22885771095752717,"y":-0.17698289453983308,"z":0.042354680597782138,"w":0.9562995433807373},"size":5.032389163970947,"orthographic":false}