{"cameraMode":{"drawMode":0,"name":"Shaded","section":"Shading Mode"},"sceneLighting":true,"audioPlay":false,"sceneViewState":{"m_AlwaysRefresh":false,"showFog":true,"showSkybox":true,"showFlares":true,"showImageEffects":true,"showParticleSystems":true,"showVisualEffectGraphs":true,"m_FxEnabled":true},"in2DMode":false,"pivot":{"x":33.91521072387695,"y":13.435014724731446,"z":20.14445686340332},"rotation":{"x":0.22885771095752717,"y":-0.17698289453983308,"z":0.042354680597782138,"w":0.9562995433807373},"size":61.82323455810547,"orthographic":false}