{"cameraMode":{"drawMode":0,"name":"Shaded","section":"Shading Mode"},"sceneLighting":true,"audioPlay":false,"sceneViewState":{"m_AlwaysRefresh":false,"showFog":true,"showSkybox":true,"showFlares":true,"showImageEffects":true,"showParticleSystems":true,"showVisualEffectGraphs":true,"m_FxEnabled":true},"in2DMode":false,"pivot":{"x":-0.1597738265991211,"y":4.4081196784973148,"z":10.909149169921875},"rotation":{"x":0.4729735851287842,"y":-0.09611799567937851,"z":0.05199863389134407,"w":0.8742785453796387},"size":24.3873291015625,"orthographic":false}