{"cameraMode":{"drawMode":0,"name":"Shaded","section":"Shading Mode"},"sceneLighting":true,"audioPlay":false,"sceneViewState":{"m_AlwaysRefresh":false,"showFog":true,"showSkybox":true,"showFlares":true,"showImageEffects":true,"showParticleSystems":true,"showVisualEffectGraphs":true,"m_FxEnabled":true},"in2DMode":false,"pivot":{"x":10.19736099243164,"y":13.910704612731934,"z":7.992664337158203},"rotation":{"x":0.2602868378162384,"y":0.10403238236904144,"z":-0.028218649327754976,"w":0.9595019817352295},"size":16.702844619750978,"orthographic":false}