{"cameraMode":{"drawMode":0,"name":"Shaded","section":"Shading Mode"},"sceneLighting":true,"audioPlay":false,"sceneViewState":{"m_AlwaysRefresh":false,"showFog":true,"showSkybox":true,"showFlares":true,"showImageEffects":true,"showParticleSystems":true,"showVisualEffectGraphs":true,"m_FxEnabled":true},"in2DMode":false,"pivot":{"x":327.949462890625,"y":313.9410095214844,"z":-69.2769775390625},"rotation":{"x":-0.003897866001352668,"y":0.008092543110251427,"z":-0.000032138337701326236,"w":-0.9999632835388184},"size":304.4147644042969,"orthographic":false}