{"cameraMode":{"drawMode":0,"name":"Shaded","section":"Shading Mode"},"sceneLighting":true,"audioPlay":false,"sceneViewState":{"m_AlwaysRefresh":false,"showFog":true,"showSkybox":true,"showFlares":true,"showImageEffects":true,"showParticleSystems":true,"showVisualEffectGraphs":true,"m_FxEnabled":true},"in2DMode":false,"pivot":{"x":0.024169445037841798,"y":5.742247581481934,"z":-2.1497321128845217},"rotation":{"x":0.3247186541557312,"y":-0.38977494835853579,"z":0.14911945164203645,"w":0.848764181137085},"size":6.202744960784912,"orthographic":false}