{"cameraMode":{"drawMode":0,"name":"Shaded","section":"Shading Mode"},"sceneLighting":true,"audioPlay":false,"sceneViewState":{"m_AlwaysRefresh":false,"showFog":true,"showSkybox":true,"showFlares":true,"showImageEffects":true,"showParticleSystems":true,"showVisualEffectGraphs":true,"m_FxEnabled":true},"in2DMode":false,"pivot":{"x":1.7771644592285157,"y":0.23348140716552735,"z":1.0511317253112794},"rotation":{"x":0.40425318479537966,"y":-0.18319423496723176,"z":0.08299969136714935,"w":0.8922692537307739},"size":5.605263710021973,"orthographic":false}