{"cameraMode":{"drawMode":0,"name":"Shaded","section":"Shading Mode"},"sceneLighting":true,"audioPlay":false,"sceneViewState":{"m_AlwaysRefresh":false,"showFog":true,"showSkybox":true,"showFlares":true,"showImageEffects":true,"showParticleSystems":true,"showVisualEffectGraphs":true,"m_FxEnabled":true},"in2DMode":false,"pivot":{"x":-0.09019112586975098,"y":0.9154396653175354,"z":-0.7419412136077881},"rotation":{"x":0.0069157653488218788,"y":0.9326255321502686,"z":0.017899638041853906,"w":-0.3603358566761017},"size":2.6308600902557375,"orthographic":false}